{"categories":["control_identical","noop_format","punctuation","synonym","paraphrase","semantic_small","positive_control"],"models":[{"name":"0.8B","params":0.8,"by_category":{"control_identical":{"mean":0.0,"values":[0.0,0.0,0.0,0.0,0.0]},"noop_format":{"mean":0.006794199347496033,"values":[0.0,0.0,0.0,0.05435359477996826,0.0,0.0,0.0,0.0]},"punctuation":{"mean":0.12024731934070587,"values":[0.15623247623443604,0.07448458671569824,0.41342031955718994,0.08919352293014526,0.1380663514137268,0.04857516288757324,0.04200613498687744,0.0]},"synonym":{"mean":0.18284952640533447,"values":[0.13298988342285156,0.09342938661575317,0.4331989884376526,0.2271631956100464,0.12667226791381836,0.2165067195892334,0.13442397117614746,0.09841179847717285]},"paraphrase":{"mean":0.20571672916412354,"values":[0.18714642524719238,0.14220398664474487,0.1735241413116455,0.35940927267074585,0.16629981994628906]},"semantic_small":{"mean":0.5433088660240173,"values":[0.36374038457870483,0.6059385538101196,0.7758408188819885,0.4977772831916809,0.4732472896575928]},"positive_control":{"mean":1.0284515221913655,"values":[1.0192692279815674,1.0334446430206299,1.0326406955718994]}}},{"name":"2B","params":2.0,"by_category":{"control_identical":{"mean":4.76837158203125e-08,"values":[0.0,5.960464477539063e-08,1.1920928955078125e-07,5.960464477539063e-08,0.0]},"noop_format":{"mean":0.011833064258098602,"values":[0.0,5.960464477539063e-08,0.0,0.09466439485549927,0.0,0.0,0.0,5.960464477539063e-08]},"punctuation":{"mean":0.07956360280513763,"values":[0.15114939212799072,0.05044180154800415,0.10076504945755005,0.048090219497680664,0.14130300283432007,0.061033427715301514,0.0837259292602539,0.0]},"synonym":{"mean":0.1336837038397789,"values":[0.11289173364639282,0.14333575963974,0.24874669313430786,0.055699050426483154,0.1434319019317627,0.11974751949310303,0.13003849983215332,0.11557847261428833]},"paraphrase":{"mean":0.19941586256027222,"values":[0.21376729011535645,0.2870585322380066,0.10460871458053589,0.21201282739639282,0.17963194847106934]},"semantic_small":{"mean":0.5226336598396302,"values":[0.47634410858154297,0.5762156248092651,0.5457656383514404,0.4814576506614685,0.5333852767944336]},"positive_control":{"mean":0.9485019048055013,"values":[0.9788244366645813,0.9602789282798767,0.9064023494720459]}}},{"name":"4B","params":4.0,"by_category":{"control_identical":{"mean":3.5762786865234374e-08,"values":[5.960464477539063e-08,0.0,5.960464477539063e-08,0.0,5.960464477539063e-08]},"noop_format":{"mean":0.003139995038509369,"values":[5.960464477539063e-08,0.0,5.960464477539063e-08,0.0251198410987854,0.0,0.0,0.0,0.0]},"punctuation":{"mean":0.083705373108387,"values":[0.03699088096618652,0.05474370718002319,0.11829835176467896,0.06176292896270752,0.14389365911483765,0.23812603950500488,0.015827417373657227,0.0]},"synonym":{"mean":0.11333294957876205,"values":[0.12922686338424683,0.20316773653030396,0.1710684895515442,0.07378202676773071,0.12170517444610596,0.10401439666748047,0.060505211353302,0.043193697929382324]},"paraphrase":{"mean":0.1906587600708008,"values":[0.22577744722366333,0.1890926957130432,0.13994723558425903,0.2136726975440979,0.18480372428894043]},"semantic_small":{"mean":0.5371778726577758,"values":[0.41716820001602173,0.608461856842041,0.6391101479530334,0.42882657051086426,0.592322587966919]},"positive_control":{"mean":0.9942299723625183,"values":[1.0165823698043823,1.0064716339111328,0.9596359133720398]}}},{"name":"9B","params":9.0,"by_category":{"control_identical":{"mean":0.0,"values":[0.0,0.0,0.0,0.0,0.0]},"noop_format":{"mean":0.009176619350910187,"values":[0.0,0.0,0.0,0.07341289520263672,0.0,5.960464477539063e-08,0.0,0.0]},"punctuation":{"mean":0.11055503040552139,"values":[0.11178046464920044,0.14135879278182983,0.16447782516479492,0.1878771185874939,0.12408220767974854,0.10803228616714478,0.04683154821395874,0.0]},"synonym":{"mean":0.09618575125932693,"values":[0.0872160792350769,0.1116454005241394,0.1691918969154358,0.04136168956756592,0.1016775369644165,0.08611232042312622,0.16075551509857178,0.011525571346282959]},"paraphrase":{"mean":0.166792631149292,"values":[0.263297975063324,0.12781715393066406,0.09626561403274536,0.18754327297210693,0.15903913974761963]},"semantic_small":{"mean":0.5237777233123779,"values":[0.40831458568573,0.5577261447906494,0.6938022375106812,0.4631110429763794,0.4959346055984497]},"positive_control":{"mean":0.9647609194119772,"values":[0.9637402296066284,0.9511568546295166,0.9793856739997864]}}}]}